"Var","Period","YrCoeff(degF(in)/100yrs)","seSlope","probCoeff","probSign","r2"
"Tmean","1895-2022",2.84659378762657,0.307234208370235,6.70618652109338e-16,"***",0.457299997994415
"Tmean","1970-2022",5.17877100265468,0.962855014527195,1.89393497688923e-06,"***",0.33277504641221
"Precip","1895-2022",3.96930870245297,1.70048248329578,0.0211664027089333,"*",0.0366344987265887
"Precip","1970-2022",4.24868544060603,6.89336072629672,0.540408619819366,"NS",0.0074562722365119
