"Var","Period","YrCoeff(degF(in)/100yrs)","seSlope","probCoeff","probSign","r2"
"Tmean","1895-2022",3.88718013174182,0.296724883374381,2.82391806713321e-25,"***",0.633163683414693
"Tmean","1970-2022",5.8087448782394,1.01598101351887,5.66569135601166e-07,"***",0.399728325594071
"Precip","1895-2022",-0.0302146237159479,0.422130998741022,0.94305249758998,"NS",4.60614920508809e-05
"Precip","1970-2022",-0.728788084412658,1.21898455123619,0.552575811331541,"NS",0.00628070511257504
