"Var","Period","YrCoeff(degF(in)/100yrs)","seSlope","probCoeff","probSign","r2"
"Tmean","1895-2022",2.7129810882413,0.313639606356547,2.02264613109682e-14,"***",0.451453476055828
"Tmean","1970-2022",5.97021470260986,1.01567808181808,3.18240767740645e-07,"***",0.408166140653444
"Precip","1895-2022",0.123294435373082,0.544162364530347,0.821120192419256,"NS",0.000422650520642629
"Precip","1970-2022",0.928962516462512,2.15287598532199,0.667924661992434,"NS",0.00404440844300996
