"Var","Period","YrCoeff(degF(in)/100yrs)","seSlope","probCoeff","probSign","r2"
"Tmean","1895-2022",2.24603394294952,0.41974321091016,3.98654649622755e-07,"***",0.208792811660698
"Tmean","1970-2022",5.43799305960284,1.490873487388,0.000622037795287202,"***",0.198578408775249
"Precip","1895-2022",-0.0482523642953842,0.963285541235644,0.960128837025476,"NS",2.26925030643603e-05
"Precip","1970-2022",0.929175825494815,3.87067266560488,0.811249602922958,"NS",0.00145217638961581
