"Var","Period","YrCoeff(degF(in)/100yrs)","seSlope","probCoeff","probSign","r2"
"Tmean","1895-2022",3.63242565912799,0.363187054910574,1.08279700597241e-17,"***",0.439490989907059
"Tmean","1970-2022",6.75763718989744,1.3442608485911,6.50913598172449e-06,"***",0.379482030208399
"Precip","1895-2022",0.262525385308041,0.603751232390989,0.664434169138759,"NS",0.00144466115058206
"Precip","1970-2022",-2.46084449301646,2.36933575681252,0.30387978110164,"NS",0.0241274954830853
