"Var","Period","YrCoeff(degF(in)/100yrs)","seSlope","probCoeff","probSign","r2"
"Tmean","1895-2022",0.53698614971605,0.374310392596924,0.153878133631362,"NS",0.0164931543466661
"Tmean","1970-2022",3.97342483025626,1.41294829461968,0.00696865658442623,"**",0.131934854946455
"Precip","1895-2022",3.77473001564683,1.53293050180639,0.0151511565811859,"*",0.0553202275750964
"Precip","1970-2022",10.1434669889883,7.15826956962813,0.162554930861877,"NS",0.0654417952641736
