"Var","Period","YrCoeff(degF(in)/100yrs)","seSlope","probCoeff","probSign","r2"
"Tmean","1895-2022",2.68037291354361,0.337129112968411,9.07941105790599e-13,"***",0.319588771642075
"Tmean","1970-2022",5.46526018336518,1.10589927316365,8.74804890537825e-06,"***",0.285252189755415
"Precip","1895-2022",-2.53983370075764,2.92745716684521,0.387267944218398,"NS",0.00637930875819161
"Precip","1970-2022",-8.73110283492801,9.36346960152827,0.355490125307447,"NS",0.0185411566372592
