"Var","Period","YrCoeff(degF(in)/100yrs)","seSlope","probCoeff","probSign","r2"
"Tmean","1895-2022",1.11611948802663,0.303068191609612,0.00034101350720199,"***",0.113251263925925
"Tmean","1970-2022",3.18187339751398,0.989715000539823,0.00226533228988963,"**",0.162244594546276
"Precip","1895-2022",1.9789060348342,1.06111766896552,0.0645180962849353,"NS",0.030023094687831
"Precip","1970-2022",-1.38795858909992,3.20095172284638,0.666401715894644,"NS",0.00283253864207101
