"Var","Period","YrCoeff(degF(in)/100yrs)","seSlope","probCoeff","probSign","r2"
"Tmean","1895-2022",2.44942920914961,0.308948657018637,1.02355301229818e-12,"***",0.437757436500096
"Tmean","1970-2022",6.33603272585163,0.769755568600699,6.33149925606897e-11,"***",0.567400745942005
"Precip","1895-2022",-0.708928788641461,1.19154010033907,0.55293154309068,"NS",0.00307340299335694
"Precip","1970-2022",-0.510552575428612,4.25823707911199,0.905035315201088,"NS",0.000307620516337098
