"Var","Period","YrCoeff(degF(in)/100yrs)","seSlope","probCoeff","probSign","r2"
"Tmean","1895-2022",2.25089461603589,0.298789302143426,8.38775426513947e-12,"***",0.332420628393286
"Tmean","1970-2022",6.34402641305036,0.836971286710123,6.62857929542524e-10,"***",0.503779470077034
"Precip","1895-2022",1.0462193324745,1.5251560057644,0.493988989044088,"NS",0.00387435776606909
"Precip","1970-2022",2.72013627340261,6.36450520357825,0.67089325907744,"NS",0.00390974686929883
