"Var","Period","YrCoeff(degF(in)/100yrs)","seSlope","probCoeff","probSign","r2"
"Tmean","1895-2022",1.50790864800379,0.25404936954388,2.65461832079439e-08,"***",0.198110825298217
"Tmean","1970-2022",3.62447220447403,0.753721671540635,1.38509312731082e-05,"***",0.254467810180037
"Precip","1895-2022",7.0193665661568,2.53922398928936,0.00655962188166429,"**",0.0464554473302869
"Precip","1970-2022",3.97108703580509,12.1274701582082,0.744671211083604,"NS",0.00247584625654114
