"Var","Period","YrCoeff(degF(in)/100yrs)","seSlope","probCoeff","probSign","r2"
"Tmean","1895-2022",2.90372771930849,0.30748028199799,2.47774481928625e-16,"***",0.465827272218762
"Tmean","1970-2022",9.16440498600799,0.953222284087896,4.8487035032749e-13,"***",0.721738886234099
"Precip","1895-2022",-0.746545525513301,0.851210781456788,0.382134291975733,"NS",0.00717433904387376
"Precip","1970-2022",0.15550019507078,2.91156473831252,0.957615669877264,"NS",7.37313277028297e-05
