"Var","Period","YrCoeff(degF(in)/100yrs)","seSlope","probCoeff","probSign","r2"
"Tmean","1895-2022",1.91888001504292,0.397980379470104,4.02824594073969e-06,"***",0.272682141111595
"Tmean","1970-2022",7.04266076984501,0.833469714718269,2.89781835487355e-11,"***",0.620865745391189
"Precip","1895-2022",-0.61386507583912,0.680642690136815,0.36883590900655,"NS",0.00712410896954895
"Precip","1970-2022",-4.59835101025784,1.98538242028834,0.024608633739212,"*",0.0724668891959679
