"Var","Period","YrCoeff(degF(in)/100yrs)","seSlope","probCoeff","probSign","r2"
"Tmean","1895-2022",1.80581196754014,0.368405568502064,2.86477118787723e-06,"***",0.215081569919186
"Tmean","1970-2022",6.49407775229237,0.910488395164486,3.3611549080016e-09,"***",0.442948111338886
"Precip","1895-2022",5.50426150325932,1.23500802206458,1.81612281297884e-05,"***",0.14246926965511
"Precip","1970-2022",9.06335282158836,5.0956936620122,0.0812612453428752,"NS",0.0524829263642418
